
-- Populate persons table
insert into PERSON (ssn, fname, minit, lname, sex, dob, street, zipcode, phone) values ('961705899', 'Fred', 'R', 'Castillo', 'M', '13-JAN-45', '1558 Mandrake Hill', '33430', '7505900484');
insert into PERSON (ssn, fname, minit, lname, sex, dob, street, zipcode, phone) values ('755215319', 'Melissa', 'K', 'Larson', 'F', '08-JAN-65', '04434 Buell Street', '33431', '8568427137');
insert into PERSON (ssn, fname, minit, lname, sex, dob, street, zipcode, phone) values ('505329915', 'Shirley', 'M', 'Woods', 'F', '20-JAN-48', '2 Westridge Street', '33063', '6483545531');
insert into PERSON (ssn, fname, minit, lname, sex, dob, street, zipcode, phone) values ('861648651', 'Carolyn', 'B', 'Ross', 'F', '05-JUL-51', '2211 Orin Alley', '33133', '1809101554');
insert into PERSON (ssn, fname, minit, lname, sex, dob, street, zipcode, phone) values ('119292173', 'Christina', 'C', 'Carroll', 'F', '02-JUN-75', '89 Merry Street', '33430', '1764417503');
insert into PERSON (ssn, fname, minit, lname, sex, dob, street, zipcode, phone) values ('858270649', 'Roy', 'T', 'Peters', 'M', '05-FEB-48', '3 Washington Terrace', '33054', '1158723225');
insert into PERSON (ssn, fname, minit, lname, sex, dob, street, zipcode, phone) values ('158506058', 'Shirley', 'C', 'Gilbert', 'F', '04-JUL-72', '4 Morningstar Plaza', '33146', '3622284510');
insert into PERSON (ssn, fname, minit, lname, sex, dob, street, zipcode, phone) values ('639785819', 'Terry', 'J', 'Smith', 'M', '06-DEC-60', '3 Cordelia Hill', '33056', '5632067474');
insert into PERSON (ssn, fname, minit, lname, sex, dob, street, zipcode, phone) values ('183338056', 'Antonio', 'D', 'Wright', 'M', '23-DEC-46', '136 Prairie Rose Pass', '33056', '1064106818');
insert into PERSON (ssn, fname, minit, lname, sex, dob, street, zipcode, phone) values ('816694343', 'Katherine', 'J', 'Holmes', 'F', '12-JUL-59', '6274 Dexter Avenue', '33426', '9178038274');
insert into PERSON (ssn, fname, minit, lname, sex, dob, street, zipcode, phone) values ('477685256', 'Willie', 'H', 'Hernandez', 'M', '16-JUN-84', '74 Manitowish Avenue', '33430', '3925356210');
insert into PERSON (ssn, fname, minit, lname, sex, dob, street, zipcode, phone) values ('973893430', 'Roger', 'D', 'Butler', 'M', '22-JUN-93', '56858 Namekagon Terrace', '33133', '9925777693');
insert into PERSON (ssn, fname, minit, lname, sex, dob, street, zipcode, phone) values ('495056486', 'Franklin', 'S', 'Hawkins', 'M', '10-JAN-89', '893 Cherokee Park', '33026', '7161433608');
insert into PERSON (ssn, fname, minit, lname, sex, dob, street, zipcode, phone) values ('318716310', 'Kathy', 'H', 'Ford', 'F', '26-APR-80', '3696 Maryland Pass', '33076', '4725192945');
insert into PERSON (ssn, fname, minit, lname, sex, dob, street, zipcode, phone) values ('188104101', 'Helen', 'R', 'Shaw', 'F', '26-MAY-92', '663 Golf View Pass', '33054', '2878995418');
insert into PERSON (ssn, fname, minit, lname, sex, dob, street, zipcode, phone) values ('707023425', 'Jimmy', 'T', 'Henderson', 'M', '12-DEC-80', '5934 Schurz Place', '33063', '5909463165');
insert into PERSON (ssn, fname, minit, lname, sex, dob, street, zipcode, phone) values ('812073369', 'Jean', 'S', 'Vasquez', 'F', '26-OCT-89', '3 Myrtle Plaza', '33324', '9165744375');
insert into PERSON (ssn, fname, minit, lname, sex, dob, street, zipcode, phone) values ('877115419', 'Shawn', 'K', 'Garcia', 'M', '19-MAY-85', '788 Chinook Drive', '33430', '4738694709');
insert into PERSON (ssn, fname, minit, lname, sex, dob, street, zipcode, phone) values ('157783174', 'Evelyn', 'A', 'Coleman', 'F', '17-SEP-93', '09 Springs Drive', '33426', '1502245289');
insert into PERSON (ssn, fname, minit, lname, sex, dob, street, zipcode, phone) values ('841135835', 'Rebecca', 'C', 'Watson', 'F', '12-JAN-83', '4678 Myrtle Junction', '33441', '4958048422');


-- Populate city_state table
insert into CITY_STATE (zipcode, city, state) values ('33076', 'Parkland', 'FL');
insert into CITY_STATE (zipcode, city, state) values ('33065', 'Coral Springs', 'FL');
insert into CITY_STATE (zipcode, city, state) values ('33063', 'Margate', 'FL');
insert into CITY_STATE (zipcode, city, state) values ('33026', 'Pembroke Pines', 'FL');
insert into CITY_STATE (zipcode, city, state) values ('33324', 'Plantation', 'FL');
insert into CITY_STATE (zipcode, city, state) values ('33146', 'Coral Gables', 'FL');
insert into CITY_STATE (zipcode, city, state) values ('33010', 'Hialeah', 'FL');
insert into CITY_STATE (zipcode, city, state) values ('33054', 'Opa-locka', 'FL');
insert into CITY_STATE (zipcode, city, state) values ('33133', 'Coconut Grove', 'FL');
insert into CITY_STATE (zipcode, city, state) values ('33056', 'Homestead', 'FL');
insert into CITY_STATE (zipcode, city, state) values ('33431', 'Boca Raton', 'FL');
insert into CITY_STATE (zipcode, city, state) values ('33426', 'Boynton Beach', 'FL');
insert into CITY_STATE (zipcode, city, state) values ('33430', 'Belle Glade', 'FL');
insert into CITY_STATE (zipcode, city, state) values ('33441', 'Deerfield Beach', 'FL');
insert into CITY_STATE (zipcode, city, state) values ('33073', 'Pompano Beach', 'FL');



-- Populate Employee table
insert into EMPLOYEE (ssn) values ('961705899');
insert into EMPLOYEE (ssn) values ('755215319');
insert into EMPLOYEE (ssn) values ('505329915');
insert into EMPLOYEE (ssn) values ('861648651');
insert into EMPLOYEE (ssn) values ('119292173');
insert into EMPLOYEE (ssn) values ('858270649');
insert into EMPLOYEE (ssn) values ('158506058');
insert into EMPLOYEE (ssn) values ('639785819');
insert into EMPLOYEE (ssn) values ('183338056');
insert into EMPLOYEE (ssn) values ('816694343');


-- Populate Staff table
insert into STAFF (ssn, title, dno) values ('961705899', 'Program coordinator', 3);
insert into STAFF (ssn, title, dno) values ('755215319', 'Dean', 3);
insert into STAFF (ssn, title, dno) values ('505329915', 'Dean', 1);
insert into STAFF (ssn, title, dno) values ('861648651', 'Dean', 2);
insert into STAFF (ssn, title, dno) values ('119292173', 'Program coordinator', 2);


-- Populate Faculty table
insert into FACULTY (ssn, degree, rank, employment_type) values ('858270649', 'PHD', 'Associate Professor', 'part-time');
insert into FACULTY (ssn, degree, rank, employment_type) values ('158506058', 'PHD', 'Associate Professor', 'part-time');
insert into FACULTY (ssn, degree, rank, employment_type) values ('639785819', 'PHD', 'Full Professor', 'full-time');
insert into FACULTY (ssn, degree, rank, employment_type) values ('183338056', 'PHD', 'Full Professor', 'full-time');
insert into FACULTY (ssn, degree, rank, employment_type) values ('816694343', 'MSC', 'Lecturer', 'full-time');


-- Populate Students table
insert into STUDENT (ssn, student_no, degree_prog, minor_dept, major_dept, class) values ('477685256', 'N219730702', 'PHD', null, 2, 'graduate');
insert into STUDENT (ssn, student_no, degree_prog, minor_dept, major_dept, class) values ('973893430', 'N392184993', 'PHD', 3, 2, 'graduate');
insert into STUDENT (ssn, student_no, degree_prog, minor_dept, major_dept, class) values ('495056486', 'N911927207', 'BSC', 1, 2, 'freshman');
insert into STUDENT (ssn, student_no, degree_prog, minor_dept, major_dept, class) values ('318716310', 'N291733899', 'MSC', 3, 1, 'graduate');
insert into STUDENT (ssn, student_no, degree_prog, minor_dept, major_dept, class) values ('188104101', 'N519487360', 'MSC', null, 1, 'graduate');
insert into STUDENT (ssn, student_no, degree_prog, minor_dept, major_dept, class) values ('707023425', 'N109124265', 'PHD', null, 1,'graduate');
insert into STUDENT (ssn, student_no, degree_prog, minor_dept, major_dept, class) values ('812073369', 'N287857573', 'BSC', 3, 2, 'graduate');
insert into STUDENT (ssn, student_no, degree_prog, minor_dept, major_dept, class) values ('877115419', 'N911443513', 'MSC', 2, 3, 'graduate');
insert into STUDENT (ssn, student_no, degree_prog, minor_dept, major_dept, class) values ('157783174', 'N459664859', 'PHD', null, 3, 'graduate');
insert into STUDENT (ssn, student_no, degree_prog, minor_dept, major_dept, class) values ('841135835', 'N884110281', 'BSC', 2, 1, 'sophomore');



-- Populate Dependents table
insert into DEPENDENT (name, essn, relationship, dob, sex) values ('Ryan Burton', '858270649', 'Son', '08-DEC-83', 'M');
insert into DEPENDENT (name, essn, relationship, dob, sex) values ('Norma Reed', '119292173', 'Daughter', '12-DEC-03', 'F');
insert into DEPENDENT (name, essn, relationship, dob, sex) values ('Sharon Powell', '183338056', 'Spouse', '27-JUN-88', 'F');
insert into DEPENDENT (name, essn, relationship, dob, sex) values ('Richard Griffin', '158506058', 'Son', '28-JUL-03', 'M');
insert into DEPENDENT (name, essn, relationship, dob, sex) values ('Phillip Torres', '158506058', 'Spouse', '14-JUL-70', 'M');
insert into DEPENDENT (name, essn, relationship, dob, sex) values ('Amanda Cunningham', '755215319', 'Daughter', '20-DEC-94', 'F');


-- Populate Salary scale table
insert into SALARY_SCALE (rank, employment_type, salary) values ('Lecturer', 'part-time', 107774.84);
insert into SALARY_SCALE (rank, employment_type, salary) values ('Lecturer', 'full-time', 111458.48);
insert into SALARY_SCALE (rank, employment_type, salary) values ('Associate Professor', 'part-time', 140522.46);
insert into SALARY_SCALE (rank, employment_type, salary) values ('Associate Professor', 'full-time', 146775.44);
insert into SALARY_SCALE (rank, employment_type, salary) values ('Full Professor', 'part-time', 149189.60);
insert into SALARY_SCALE (rank, employment_type, salary) values ('Full Professor', 'full-time', 184191.01);


-- Populate Departments table
insert into DEPARTMENT (dno, dname, college, office_no, chair_ssn) values (1, 'Engineering and Technology', 'CEC', 'CD460', '505329915');
insert into DEPARTMENT (dno, dname, college, office_no, chair_ssn) values (2, 'Computer Science', 'CEC', 'CD452', '861648651');
insert into DEPARTMENT (dno, dname, college, office_no, chair_ssn) values (3, 'Information Systems and Cybersecurity', 'CEC', 'HD345', '755215319');


-- Populate Office table
insert into OFFICE (office_no, office_ph) values ('CD452', '5061091326');
insert into OFFICE (office_no, office_ph) values ('CD460', '9728049818');
insert into OFFICE (office_no, office_ph) values ('HD345', '2165356413');
insert into OFFICE (office_no, office_ph) values ('HD456', '2634291696');
insert into OFFICE (office_no, office_ph) values ('TA442', '6689476658');
insert into OFFICE (office_no, office_ph) values ('PB235', '7054881559');


-- Populate Courses table
insert into COURSE (cno, cname, credits, dno) values ('CSIS3400', 'Data Structures', 4, 2);
insert into COURSE (cno, cname, credits, dno) values ('CSIS3460', 'Object Oriented Design', 3, 2);
insert into COURSE (cno, cname, credits, dno) values ('CSIS3500', 'Networks and Data Communication', 3, 2);
insert into COURSE (cno, cname, credits, dno) values ('CISC610', 'Programming Languages', 3, 2);
insert into COURSE (cno, cname, credits, dno) values ('CISC615', 'Design and Analysis of Algorithms', 3, 2);
insert into COURSE (cno, cname, credits, dno) values ('CISC630', 'Compilers', 3, 2);
insert into COURSE (cno, cname, credits, dno) values ('CISC631', 'Theory of Computation', 3, 2);
insert into COURSE (cno, cname, credits, dno) values ('CISC650', 'Computer Networks', 3, 2);
insert into COURSE (cno, cname, credits, dno) values ('CENG3720', 'Computer Systems Engineering', 3, 1);
insert into COURSE (cno, cname, credits, dno) values ('CENG4710', 'Embedded Systems', 4, 1);
insert into COURSE (cno, cname, credits, dno) values ('EENG2710', 'Electrical Circuits/Lab', 4, 1);
insert into COURSE (cno, cname, credits, dno) values ('EENG3310', 'Signals and Systems', 3, 1);
insert into COURSE (cno, cname, credits, dno) values ('MATH2100', 'Calculus I', 4, 1);
insert into COURSE (cno, cname, credits, dno) values ('CISC680', 'Software Engineering', 3, 1);
insert into COURSE (cno, cname, credits, dno) values ('CISC682', 'Software Requirements Engineering', 3, 1);
insert into COURSE (cno, cname, credits, dno) values ('MMIS621', 'Information Systems Project Management', 3, 1);
insert into COURSE (cno, cname, credits, dno) values ('ISEC600', 'Secure Computer Systems', 3, 1);
insert into COURSE (cno, cname, credits, dno) values ('ISEC620', 'Applied Cryptography', 3, 1);
insert into COURSE (cno, cname, credits, dno) values ('ISEC660', 'Advanced Network Security', 3, 1);
insert into COURSE (cno, cname, credits, dno) values ('MSIT630', 'Database Systems', 3, 1);



-- Populate courses prerequisites table
insert into COURSE_PREREQUISITE (cno, prerequisite_cno) values ('CISC630', 'CISC610');
insert into COURSE_PREREQUISITE (cno, prerequisite_cno) values ('CISC631', 'CISC610');
insert into COURSE_PREREQUISITE (cno, prerequisite_cno) values ('CENG3720', 'EENG2710');
insert into COURSE_PREREQUISITE (cno, prerequisite_cno) values ('CENG3720', 'EENG3310');
insert into COURSE_PREREQUISITE (cno, prerequisite_cno) values ('CENG3720', 'MATH2100');
insert into COURSE_PREREQUISITE (cno, prerequisite_cno) values ('CENG4710', 'MATH2100');
insert into COURSE_PREREQUISITE (cno, prerequisite_cno) values ('EENG2710', 'MATH2100');
insert into COURSE_PREREQUISITE (cno, prerequisite_cno) values ('EENG3310', 'MATH2100');
insert into COURSE_PREREQUISITE (cno, prerequisite_cno) values ('CISC682', 'CISC680');
insert into COURSE_PREREQUISITE (cno, prerequisite_cno) values ('ISEC620', 'ISEC600');
insert into COURSE_PREREQUISITE (cno, prerequisite_cno) values ('ISEC660', 'CISC650');


-- Appoint faculty members to deparments
insert into APPOINTED_TO (fssn, dno) values ('858270649', 2);
insert into APPOINTED_TO (fssn, dno) values ('858270649', 3);
insert into APPOINTED_TO (fssn, dno) values ('158506058', 1);
insert into APPOINTED_TO (fssn, dno) values ('158506058', 3);
insert into APPOINTED_TO (fssn, dno) values ('639785819', 1);
insert into APPOINTED_TO (fssn, dno) values ('639785819', 2);
insert into APPOINTED_TO (fssn, dno) values ('639785819', 3);
insert into APPOINTED_TO (fssn, dno) values ('183338056', 1);
insert into APPOINTED_TO (fssn, dno) values ('183338056', 2);
insert into APPOINTED_TO (fssn, dno) values ('183338056', 3);
insert into APPOINTED_TO (fssn, dno) values ('816694343', 1);
insert into APPOINTED_TO (fssn, dno) values ('816694343', 2);



-- Add sections
insert into SECTION (sno, semester, year, meeting_day, meeting_time, meeting_room, instructor, cno) values (1, 'summer', 2016, 'wednesday', '06:00PM', 'CD330', '639785819', 'CSIS3500');
insert into SECTION (sno, semester, year, meeting_day, meeting_time, meeting_room, instructor, cno) values (1, 'summer', 2016, 'wednesday', '04:00PM', 'CD330', '158506058', 'CENG3720');
insert into SECTION (sno, semester, year, meeting_day, meeting_time, meeting_room, instructor, cno) values (2, 'summer', 2016, 'wednesday', '04:00PM', 'CD378', '183338056', 'CENG3720');
insert into SECTION (sno, semester, year, meeting_day, meeting_time, meeting_room, instructor, cno) values (1, 'winter', 2016, 'wednesday', '04:00PM', 'PB345', '639785819', 'ISEC660');
insert into SECTION (sno, semester, year, meeting_day, meeting_time, meeting_room, instructor, cno) values (1, 'summer', 2016, 'monday', '04:00PM', 'PB345', '858270649', 'CISC615');
insert into SECTION (sno, semester, year, meeting_day, meeting_time, meeting_room, instructor, cno) values (1, 'summer', 2016, 'tuesday', '06:00PM', 'PB345', '858270649', 'ISEC620');
insert into SECTION (sno, semester, year, meeting_day, meeting_time, meeting_room, instructor, cno) values (1, 'winter', 2016, 'friday', '06:00PM', 'CD378', '183338056', 'CISC631');
insert into SECTION (sno, semester, year, meeting_day, meeting_time, meeting_room, instructor, cno) values (1, 'summer', 2016, 'thursday', '04:00PM', 'PB345', '183338056', 'CENG4710');


-- Assign study plan
insert into STUDY_PLAN (student_ssn, cno) values ('157783174', 'CISC610');
insert into STUDY_PLAN (student_ssn, cno) values ('157783174', 'CISC631');
insert into STUDY_PLAN (student_ssn, cno) values ('157783174', 'CISC682');
insert into STUDY_PLAN (student_ssn, cno) values ('157783174', 'CSIS3460');
insert into STUDY_PLAN (student_ssn, cno) values ('157783174', 'EENG3310');
insert into STUDY_PLAN (student_ssn, cno) values ('157783174', 'ISEC660');
insert into STUDY_PLAN (student_ssn, cno) values ('157783174', 'MMIS621');
insert into STUDY_PLAN (student_ssn, cno) values ('157783174', 'MSIT630');
insert into STUDY_PLAN (student_ssn, cno) values ('188104101', 'CENG3720');
insert into STUDY_PLAN (student_ssn, cno) values ('188104101', 'CISC631');
insert into STUDY_PLAN (student_ssn, cno) values ('188104101', 'CISC650');
insert into STUDY_PLAN (student_ssn, cno) values ('188104101', 'CISC680');
insert into STUDY_PLAN (student_ssn, cno) values ('188104101', 'CISC615');
insert into STUDY_PLAN (student_ssn, cno) values ('188104101', 'CSIS3500');
insert into STUDY_PLAN (student_ssn, cno) values ('188104101', 'ISEC660');
insert into STUDY_PLAN (student_ssn, cno) values ('188104101', 'MATH2100');
insert into STUDY_PLAN (student_ssn, cno) values ('318716310', 'CISC680');
insert into STUDY_PLAN (student_ssn, cno) values ('318716310', 'CSIS3460');
insert into STUDY_PLAN (student_ssn, cno) values ('318716310', 'CISC630');
insert into STUDY_PLAN (student_ssn, cno) values ('318716310', 'CSIS3500');
insert into STUDY_PLAN (student_ssn, cno) values ('318716310', 'EENG2710');
insert into STUDY_PLAN (student_ssn, cno) values ('318716310', 'CENG4710');
insert into STUDY_PLAN (student_ssn, cno) values ('318716310', 'EENG3310');
insert into STUDY_PLAN (student_ssn, cno) values ('318716310', 'ISEC620');
insert into STUDY_PLAN (student_ssn, cno) values ('477685256', 'CENG3720');
insert into STUDY_PLAN (student_ssn, cno) values ('477685256', 'CISC610');
insert into STUDY_PLAN (student_ssn, cno) values ('477685256', 'ISEC600');
insert into STUDY_PLAN (student_ssn, cno) values ('477685256', 'CISC650');
insert into STUDY_PLAN (student_ssn, cno) values ('477685256', 'ISEC660');
insert into STUDY_PLAN (student_ssn, cno) values ('477685256', 'CISC682');
insert into STUDY_PLAN (student_ssn, cno) values ('477685256', 'EENG3310');
insert into STUDY_PLAN (student_ssn, cno) values ('477685256', 'MSIT630');
insert into STUDY_PLAN (student_ssn, cno) values ('495056486', 'CENG3720');
insert into STUDY_PLAN (student_ssn, cno) values ('495056486', 'CISC610');
insert into STUDY_PLAN (student_ssn, cno) values ('495056486', 'CISC615');
insert into STUDY_PLAN (student_ssn, cno) values ('495056486', 'CSIS3460');
insert into STUDY_PLAN (student_ssn, cno) values ('495056486', 'EENG2710');
insert into STUDY_PLAN (student_ssn, cno) values ('495056486', 'EENG3310');
insert into STUDY_PLAN (student_ssn, cno) values ('495056486', 'ISEC620');
insert into STUDY_PLAN (student_ssn, cno) values ('495056486', 'ISEC660');
insert into STUDY_PLAN (student_ssn, cno) values ('707023425', 'CENG3720');
insert into STUDY_PLAN (student_ssn, cno) values ('707023425', 'CISC610');
insert into STUDY_PLAN (student_ssn, cno) values ('707023425', 'CISC630');
insert into STUDY_PLAN (student_ssn, cno) values ('707023425', 'CSIS3400');
insert into STUDY_PLAN (student_ssn, cno) values ('707023425', 'CISC631');
insert into STUDY_PLAN (student_ssn, cno) values ('707023425', 'CSIS3460');
insert into STUDY_PLAN (student_ssn, cno) values ('707023425', 'CISC680');
insert into STUDY_PLAN (student_ssn, cno) values ('707023425', 'MATH2100');
insert into STUDY_PLAN (student_ssn, cno) values ('812073369', 'CISC610');
insert into STUDY_PLAN (student_ssn, cno) values ('812073369', 'CISC630');
insert into STUDY_PLAN (student_ssn, cno) values ('812073369', 'CISC650');
insert into STUDY_PLAN (student_ssn, cno) values ('812073369', 'EENG3310');
insert into STUDY_PLAN (student_ssn, cno) values ('812073369', 'ISEC600');
insert into STUDY_PLAN (student_ssn, cno) values ('812073369', 'ISEC620');
insert into STUDY_PLAN (student_ssn, cno) values ('812073369', 'CISC631');
insert into STUDY_PLAN (student_ssn, cno) values ('812073369', 'ISEC660');
insert into STUDY_PLAN (student_ssn, cno) values ('841135835', 'CENG3720');
insert into STUDY_PLAN (student_ssn, cno) values ('841135835', 'CENG4710');
insert into STUDY_PLAN (student_ssn, cno) values ('841135835', 'CISC615');
insert into STUDY_PLAN (student_ssn, cno) values ('841135835', 'CISC630');
insert into STUDY_PLAN (student_ssn, cno) values ('841135835', 'CISC631');
insert into STUDY_PLAN (student_ssn, cno) values ('841135835', 'CISC680');
insert into STUDY_PLAN (student_ssn, cno) values ('841135835', 'MATH2100');
insert into STUDY_PLAN (student_ssn, cno) values ('841135835', 'MMIS621');
insert into STUDY_PLAN (student_ssn, cno) values ('877115419', 'CENG3720');
insert into STUDY_PLAN (student_ssn, cno) values ('877115419', 'CISC610');
insert into STUDY_PLAN (student_ssn, cno) values ('877115419', 'CISC615');
insert into STUDY_PLAN (student_ssn, cno) values ('877115419', 'CISC682');
insert into STUDY_PLAN (student_ssn, cno) values ('877115419', 'EENG2710');
insert into STUDY_PLAN (student_ssn, cno) values ('877115419', 'ISEC600');
insert into STUDY_PLAN (student_ssn, cno) values ('877115419', 'ISEC660');
insert into STUDY_PLAN (student_ssn, cno) values ('877115419', 'ISEC620');
insert into STUDY_PLAN (student_ssn, cno) values ('973893430', 'CENG3720');
insert into STUDY_PLAN (student_ssn, cno) values ('973893430', 'CENG4710');
insert into STUDY_PLAN (student_ssn, cno) values ('973893430', 'EENG3310');
insert into STUDY_PLAN (student_ssn, cno) values ('973893430', 'CISC610');
insert into STUDY_PLAN (student_ssn, cno) values ('973893430', 'CISC630');
insert into STUDY_PLAN (student_ssn, cno) values ('973893430', 'CISC631');
insert into STUDY_PLAN (student_ssn, cno) values ('973893430', 'CISC680');
insert into STUDY_PLAN (student_ssn, cno) values ('973893430', 'CISC682');


-- Populate Transcript
insert into TRANSCRIPT (student_ssn, cno, grade) values ('157783174', 'EENG3310', 'A');
insert into TRANSCRIPT (student_ssn, cno, grade) values ('157783174', 'ISEC660', 'B');
insert into TRANSCRIPT (student_ssn, cno, grade) values ('157783174', 'MMIS621', 'C');
insert into TRANSCRIPT (student_ssn, cno, grade) values ('188104101', 'CISC631', 'A');
insert into TRANSCRIPT (student_ssn, cno, grade) values ('188104101', 'CISC650', 'B');
insert into TRANSCRIPT (student_ssn, cno, grade) values ('188104101', 'CSIS3500', 'C');
insert into TRANSCRIPT (student_ssn, cno, grade) values ('188104101', 'ISEC660', 'A');
insert into TRANSCRIPT (student_ssn, cno, grade) values ('318716310', 'CISC680', 'B');
insert into TRANSCRIPT (student_ssn, cno, grade) values ('477685256', 'CISC610', 'C');
insert into TRANSCRIPT (student_ssn, cno, grade) values ('477685256', 'ISEC600', 'A');
insert into TRANSCRIPT (student_ssn, cno, grade) values ('477685256', 'CISC650', 'B');
insert into TRANSCRIPT (student_ssn, cno, grade) values ('477685256', 'ISEC660', 'C');
insert into TRANSCRIPT (student_ssn, cno, grade) values ('477685256', 'CISC682', 'A');
insert into TRANSCRIPT (student_ssn, cno, grade) values ('707023425', 'CENG3720', 'B');
insert into TRANSCRIPT (student_ssn, cno, grade) values ('707023425', 'CISC610', 'C');
insert into TRANSCRIPT (student_ssn, cno, grade) values ('707023425', 'CISC630', 'A');
insert into TRANSCRIPT (student_ssn, cno, grade) values ('707023425', 'CSIS3400', 'B');
insert into TRANSCRIPT (student_ssn, cno, grade) values ('707023425', 'CISC631', 'C');
insert into TRANSCRIPT (student_ssn, cno, grade) values ('707023425', 'CSIS3460', 'A');
insert into TRANSCRIPT (student_ssn, cno, grade) values ('812073369', 'CISC610', 'B');
insert into TRANSCRIPT (student_ssn, cno, grade) values ('812073369', 'CISC630', 'C');
insert into TRANSCRIPT (student_ssn, cno, grade) values ('812073369', 'CISC650', 'A');
insert into TRANSCRIPT (student_ssn, cno, grade) values ('841135835', 'CISC615', 'B');
insert into TRANSCRIPT (student_ssn, cno, grade) values ('841135835', 'CISC630', 'C');
insert into TRANSCRIPT (student_ssn, cno, grade) values ('841135835', 'CISC631', 'A');
insert into TRANSCRIPT (student_ssn, cno, grade) values ('841135835', 'CISC680', 'B');
insert into TRANSCRIPT (student_ssn, cno, grade) values ('841135835', 'MATH2100', 'C');
insert into TRANSCRIPT (student_ssn, cno, grade) values ('841135835', 'MMIS621', 'A');
insert into TRANSCRIPT (student_ssn, cno, grade) values ('877115419', 'CENG3720', 'B');
insert into TRANSCRIPT (student_ssn, cno, grade) values ('877115419', 'CISC610', 'C');
insert into TRANSCRIPT (student_ssn, cno, grade) values ('877115419', 'CISC615', 'A');
insert into TRANSCRIPT (student_ssn, cno, grade) values ('877115419', 'CISC682', 'B');
insert into TRANSCRIPT (student_ssn, cno, grade) values ('877115419', 'EENG2710', 'C');
insert into TRANSCRIPT (student_ssn, cno, grade) values ('877115419', 'ISEC600', 'A');
insert into TRANSCRIPT (student_ssn, cno, grade) values ('877115419', 'ISEC620', 'B');
insert into TRANSCRIPT (student_ssn, cno, grade) values ('973893430', 'CENG3720', 'C');
insert into TRANSCRIPT (student_ssn, cno, grade) values ('973893430', 'CENG4710', 'A');
insert into TRANSCRIPT (student_ssn, cno, grade) values ('973893430', 'EENG3310', 'B');
insert into TRANSCRIPT (student_ssn, cno, grade) values ('973893430', 'CISC610', 'C');
insert into TRANSCRIPT (student_ssn, cno, grade) values ('973893430', 'CISC680', 'A');
insert into TRANSCRIPT (student_ssn, cno, grade) values ('973893430', 'CISC682', 'B');
insert into TRANSCRIPT (student_ssn, cno, grade) values ('495056486', 'CSIS3500', 'B+');
insert into TRANSCRIPT (student_ssn, cno, grade) values ('495056486', 'ISEC660', 'A-');


-- Assign advisors
insert into GRAD_STUDENT (student_ssn, advisor_ssn) values ('157783174', '158506058');
insert into GRAD_STUDENT (student_ssn, advisor_ssn) values ('188104101', '158506058');
insert into GRAD_STUDENT (student_ssn, advisor_ssn) values ('318716310', '816694343');
insert into GRAD_STUDENT (student_ssn, advisor_ssn) values ('477685256', '816694343');
insert into GRAD_STUDENT (student_ssn, advisor_ssn) values ('707023425', '858270649');
insert into GRAD_STUDENT (student_ssn, advisor_ssn) values ('877115419', '816694343');
insert into GRAD_STUDENT (student_ssn, advisor_ssn) values ('973893430', '183338056');


-- Populate grade report
insert into GRADE_REPORT (student_ssn, sno, semester, year, cno, grade) values ('477685256', 1, 'summer', 2016, 'CSIS3500', null);
insert into GRADE_REPORT (student_ssn, sno, semester, year, cno, grade) values ('707023425', 1, 'summer', 2016, 'CSIS3500', null);
insert into GRADE_REPORT (student_ssn, sno, semester, year, cno, grade) values ('157783174', 2, 'summer', 2016, 'CENG3720', null);
insert into GRADE_REPORT (student_ssn, sno, semester, year, cno, grade) values ('318716310', 1, 'summer', 2016, 'CISC615', null);
insert into GRADE_REPORT (student_ssn, sno, semester, year, cno, grade) values ('188104101', 1, 'summer', 2016, 'ISEC620', null);
insert into GRADE_REPORT (student_ssn, sno, semester, year, cno, grade) values ('157783174', 1, 'summer', 2016, 'CENG4710', null);
insert into GRADE_REPORT (student_ssn, sno, semester, year, cno, grade) values ('973893430', 1, 'winter', 2016, 'ISEC660', 'A');
insert into GRADE_REPORT (student_ssn, sno, semester, year, cno, grade) values ('973893430', 1, 'winter', 2016, 'CISC631', 'B');
insert into GRADE_REPORT (student_ssn, sno, semester, year, cno, grade) values ('477685256', 1, 'summer', 2016, 'CENG3720', null);
insert into GRADE_REPORT (student_ssn, sno, semester, year, cno, grade) values ('707023425', 1, 'summer', 2016, 'CENG3720', null);
insert into GRADE_REPORT (student_ssn, sno, semester, year, cno, grade) values ('841135835', 2, 'summer', 2016, 'CENG3720', null);
insert into GRADE_REPORT (student_ssn, sno, semester, year, cno, grade) values ('812073369', 1, 'summer', 2016, 'CISC615', null);
insert into GRADE_REPORT (student_ssn, sno, semester, year, cno, grade) values ('318716310', 1, 'summer', 2016, 'ISEC620', null);
insert into GRADE_REPORT (student_ssn, sno, semester, year, cno, grade) values ('707023425', 1, 'summer', 2016, 'CENG4710', null);
insert into GRADE_REPORT (student_ssn, sno, semester, year, cno, grade) values ('841135835', 1, 'winter', 2016, 'ISEC660', 'B');
insert into GRADE_REPORT (student_ssn, sno, semester, year, cno, grade) values ('318716310', 1, 'winter', 2016, 'CISC631', 'C');
insert into GRADE_REPORT (student_ssn, sno, semester, year, cno, grade) values ('495056486', 1, 'summer', 2016, 'CSIS3500', null);
insert into GRADE_REPORT (student_ssn, sno, semester, year, cno, grade) values ('841135835', 1, 'summer', 2016, 'CENG3720', null);
insert into GRADE_REPORT (student_ssn, sno, semester, year, cno, grade) values ('812073369', 2, 'summer', 2016, 'CENG3720', null);
insert into GRADE_REPORT (student_ssn, sno, semester, year, cno, grade) values ('841135835', 1, 'summer', 2016, 'CISC615', null);

